Date,Hospitalized,Quarentine,Imported,Exported,Positive,Positive_undetected,Dead,Positive_medic,Recovered,Population,Susceptible,Exposed,Initial_population
2020-01-01,0,0,0,0,0,11,0,,0,127575528,102060422,25515106,127575528
2020-01-02,0,0,0,0,0,68,0,,0,127575528,102060422,25515106,
2020-01-03,0,0,0,0,0,191,0,,0,127575528,102060422,25515106,
2020-01-04,0,0,0,0,0,226,0,,0,127575528,102060422,25515106,
2020-01-05,0,0,0,0,0,283,0,1,0,127575528,102060422,25515106,
2020-01-06,0,0,0,0,0,442,0,,0,127575528,102060422,25515106,
2020-01-07,0,0,0,0,0,619,0,,0,127575528,102060422,25515106,
2020-01-08,0,0,0,0,0,831,0,,0,127575528,102060422,25515106,
2020-01-09,0,0,0,0,0,1015,0,,0,127575528,102060422,25515106,
2020-01-10,0,0,0,0,0,1209,0,3,0,127575528,102060422,25515106,
2020-01-11,0,0,0,0,0,1257,0,,0,127575528,102060422,25515106,
2020-01-12,0,0,0,0,0,1335,0,,0,127575528,102060422,25515106,
2020-01-13,0,0,0,0,0,1577,0,,0,127575528,102060422,25515106,
2020-01-14,0,0,0,0,0,1856,0,,0,127575528,102060422,25515106,
2020-01-15,0,0,0,0,0,2194,0,4,0,127575528,102060422,25515106,
2020-01-16,0,0,0,0,0,2509,0,,0,127575528,102060422,25515106,
2020-01-17,0,0,0,0,0,2817,0,,0,127575528,102060422,25515106,
2020-01-18,0,0,0,0,0,2872,0,,0,127575528,102060422,25515106,
2020-01-19,0,0,0,0,0,2951,0,,0,127575528,102060422,25515106,
2020-01-20,0,0,0,0,0,3289,0,7,0,127575528,102060422,25515106,
2020-01-21,0,0,0,0,0,3589,0,,0,127575528,102060422,25515106,
2020-01-22,0,0,0,0,0,3906,0,,0,127575528,102060422,25515106,
2020-01-23,0,1,0,0,1,4189,0,,0,127575528,102060422,25515105,
2020-01-24,0,1,0,0,1,4490,0,,0,127575528,102060422,25515105,
2020-01-25,0,1,0,0,1,4551,0,7,0,127575528,102060422,25515105,
2020-01-26,0,1,0,0,1,4629,0,,0,127575528,102060422,25515105,
2020-01-27,0,1,0,0,1,4992,0,,0,127575528,102060422,25515105,
2020-01-28,0,1,0,0,1,5359,0,,0,127575528,102060422,25515105,
2020-01-29,0,1,0,0,1,5673,0,,0,127575528,102060422,25515105,
2020-01-30,0,1,0,0,1,6013,0,7,0,127575528,102060422,25515105,
2020-01-31,0,1,0,0,1,6245,0,,0,127575528,102060422,25515105,
2020-02-01,0,1,0,0,1,6273,0,,0,127575528,102060422,25515105,
2020-02-02,0,1,0,0,1,6317,0,,0,127575528,102060422,25515105,
2020-02-03,0,1,0,0,1,6422,0,,0,127575528,102060422,25515105,
2020-02-04,0,1,0,0,1,6829,0,8,0,127575528,102060422,25515105,
2020-02-05,0,1,0,0,1,7175,0,,0,127575528,102060422,25515105,
2020-02-06,0,1,0,0,1,7479,0,,0,127575528,102060422,25515105,
2020-02-07,0,1,0,0,1,7753,0,,0,127575528,102060422,25515105,
2020-02-08,0,1,0,0,1,7787,0,,0,127575528,102060422,25515105,
2020-02-09,0,1,0,0,1,7874,0,8,0,127575528,102060422,25515105,
2020-02-10,0,1,0,0,1,8217,0,,0,127575528,102060422,25515105,
2020-02-11,0,1,0,0,1,8526,0,,0,127575528,102060422,25515105,
2020-02-12,0,1,0,0,1,8810,0,,0,127575528,102060422,25515105,
2020-02-13,0,1,0,0,1,9069,0,,0,127575528,102060422,25515105,
2020-02-14,0,1,0,0,1,9271,0,13,0,127575528,102060422,25515105,
2020-02-15,0,1,0,0,1,9345,0,,0,127575528,102060422,25515105,
2020-02-16,0,1,0,0,1,9429,0,,0,127575528,102060422,25515105,
2020-02-17,0,1,0,0,1,9765,0,,0,127575528,102060422,25515105,
2020-02-18,0,1,0,0,1,10076,0,,0,127575528,102060422,25515105,
2020-02-19,0,1,0,0,1,10384,0,17,0,127575528,102060422,25515105,
2020-02-20,0,1,0,0,1,10691,0,,0,127575528,102060422,25515105,
2020-02-21,0,1,0,0,1,10971,0,,0,127575528,102060422,25515105,
2020-02-22,0,1,0,0,1,11028,0,,0,127575528,102060422,25515105,
2020-02-23,0,2,0,0,2,11121,0,,0,127575528,102060422,25515104,
2020-02-24,1,3,0,0,4,11453,1,20,0,127575527,102060422,25515100,
2020-02-25,1,3,0,0,4,11775,1,,0,127575527,102060422,25515100,
2020-02-26,1,3,0,0,4,12079,1,,0,127575527,102060422,25515100,
2020-02-27,3,5,0,0,8,12346,2,,0,127575526,102060421,25515095,
2020-02-28,3,7,0,0,10,12608,2,,0,127575526,102060421,25515093,
2020-02-29,3,8,0,0,11,12673,2,20,0,127575526,102060421,25515092,
2020-03-01,3,8,0,0,11,12763,2,,0,127575526,102060421,25515092,
2020-03-02,4,8,0,0,12,13149,3,,0,127575525,102060420,25515090,
2020-03-03,4,8,0,0,12,13524,3,,0,127575525,102060420,25515090,
2020-03-04,5,9,0,0,14,13893,4,,0,127575524,102060419,25515087,
2020-03-05,5,11,0,0,16,14239,4,30,0,127575524,102060419,25515085,
2020-03-06,5,11,0,0,16,14510,4,,0,127575524,102060419,25515085,
2020-03-07,5,12,0,0,17,14573,4,,0,127575524,102060419,25515084,
2020-03-08,6,15,0,0,21,14648,4,,0,127575524,102060419,25515080,
2020-03-09,7,16,0,0,23,14917,4,,0,127575524,102060419,25515078,
2020-03-10,9,23,0,0,32,15247,5,58,0,127575523,102060418,25515068,
2020-03-11,14,46,3,0,60,15578,5,,0,127575523,102060418,25515040,
2020-03-12,20,69,7,0,89,15890,6,,1,127575522,102060418,25515009,
2020-03-13,25,123,11,0,148,16187,6,,1,127575522,102060418,25514950,
2020-03-14,26,172,19,0,198,16257,6,,2,127575522,102060418,25514900,
2020-03-15,33,201,26,0,234,16342,10,58,2,127575518,102060414,25514860,
2020-03-16,44,259,34,0,303,16523,16,,3,127575512,102060410,25514783,
2020-03-17,51,344,42,0,395,17006,18,,3,127575510,102060408,25514689,
2020-03-18,60,437,49,0,497,17482,22,,3,127575506,102060405,25514582,
2020-03-19,79,529,57,0,608,17952,31,,3,127575497,102060398,25514460,
2020-03-20,97,611,63,0,708,18339,40,166,3,127575488,102060390,25514350,
2020-03-21,117,657,68,0,774,18471,50,,3,127575478,102060382,25514272,
2020-03-22,136,685,71,0,821,18599,63,,3,127575465,102060372,25514209,
2020-03-23,175,776,76,0,951,19023,81,,3,127575447,102060358,25514057,
2020-03-24,226,891,82,0,1117,19430,107,,3,127575421,102060337,25513860,
2020-03-25,266,992,87,0,1258,20169,125,529,3,127575403,102060322,25513698,
2020-03-26,330,1102,90,0,1432,21265,156,,3,127575372,102060298,25513486,
2020-03-27,418,1227,95,0,1645,22729,194,,3,127575334,102060267,25513228,
2020-03-28,498,1308,98,0,1806,23064,231,,4,127575297,102060238,25513022,
2020-03-29,563,1385,99,0,1948,23380,265,,6,127575263,102060210,25512840,
2020-03-30,659,1602,101,0,2261,25097,310,1280,35,127575218,102060174,25512473,
2020-03-31,751,1793,103,0,2544,26821,357,,35,127575171,102060137,25512133,
2020-04-01,909,1968,111,0,2877,28530,433,,633,127575095,102060076,25511709,
2020-04-02,1031,2158,114,0,3189,30143,498,,633,127575030,102060024,25511319,
2020-04-03,1158,2373,118,0,3531,31723,556,,633,127574972,102059978,25510907,
2020-04-04,1281,2473,119,0,3754,32152,618,1280,633,127574910,102059928,25510610,
2020-04-05,1424,2556,119,0,3980,32501,679,,633,127574849,102059879,25510311,
2020-04-06,1651,2883,123,0,4534,34156,785,,633,127574743,102059794,25509630,
2020-04-07,1846,3154,127,0,5000,35676,882,,633,127574646,102059717,25509047,
2020-04-08,2051,3472,134,0,5523,37183,980,,633,127574548,102059638,25508407,
2020-04-09,2251,3689,141,0,5940,37820,1068,2444,633,127574460,102059568,25507884,
2020-04-10,2502,3945,141,0,6447,38545,1188,,633,127574340,102059472,25507233,
2020-04-11,2715,4149,143,0,6864,39000,1279,,634,127574249,102059399,25506707,
2020-04-12,2964,4330,145,0,7294,39314,1393,,1722,127574135,102059308,25506140,
2020-04-13,3291,4872,152,0,8163,41093,1564,,1964,127573964,102059171,25505066,
2020-04-14,3621,5385,158,0,9006,42683,1718,4070,2125,127573810,102059048,25504038,
2020-04-15,3963,5933,169,0,9896,44144,1877,,2282,127573651,102058921,25502957,
2020-04-16,4368,6438,176,0,10806,45738,2083,,2451,127573445,102058756,25501800,
2020-04-17,4726,7132,179,0,11858,47462,2291,,2627,127573237,102058590,25500498,
2020-04-18,5157,7440,183,0,12597,48133,2512,,2847,127573016,102058413,25499494,
2020-04-19,5557,7722,186,0,13279,48631,2721,4070,3087,127572807,102058246,25498561,
2020-04-20,6119,8549,192,0,14668,50544,2994,,3087,127572534,102058027,25496845,
2020-04-21,6660,9367,196,0,16027,52399,3249,,3087,127572279,102057823,25495180,
2020-04-22,7199,10105,205,0,17304,54190,3525,,3087,127572003,102057602,25493572,
2020-04-23,7764,10905,207,0,18669,55861,3803,,3087,127571725,102057380,25491873,
2020-04-24,8348,11876,214,0,20224,57632,4092,6319,3087,127571436,102057149,25489971,
2020-04-25,8889,12325,216,0,21214,58502,4366,,7149,127571162,102056930,25488652,
2020-04-26,9489,12689,217,0,22178,59243,4687,,8354,127570841,102056673,25487303,
2020-04-27,10180,13758,225,0,23938,61170,5028,,9086,127570500,102056400,25485134,
2020-04-28,10866,14822,228,0,25688,62995,5354,,9854,127570174,102056139,25482993,
2020-04-29,11569,15846,233,0,27415,64670,5725,9111,10623,127569803,102055842,25480821,
2020-04-30,12241,16909,236,0,29150,65671,6040,,11423,127569488,102055590,25478708,
2020-05-01,12929,17572,240,0,30501,66522,6405,,12377,127569123,102055298,25476919,
2020-05-02,13553,18279,243,0,31832,67235,6718,,13447,127568810,102055048,25475212,
2020-05-03,14178,18870,251,0,33048,67856,7026,,14384,127568502,102054802,25473626,
2020-05-04,14902,20606,254,0,35508,69051,7383,12489,15938,127568145,102054516,25470738,
2020-05-05,15625,21924,257,0,37549,70183,7759,,16810,127567769,102054215,25468246,
2020-05-06,16355,23426,262,0,39781,71455,8144,,17781,127567384,102053907,25465552,
2020-05-07,17144,24965,274,0,42109,72842,8543,,18853,127566985,102053588,25462745,
2020-05-08,17930,26518,280,0,44448,74087,8938,,20314,127566590,102053272,25459932,
2020-05-09,18592,27346,282,0,45938,74858,9299,12489,21824,127566229,102052983,25458009,
2020-05-10,19384,27935,287,0,47319,75520,9712,,23100,127565816,102052653,25456132,
2020-05-11,20422,29782,298,0,50204,76792,10222,,24466,127565306,102052245,25452635,
2020-05-12,21331,31727,303,0,53058,78031,10705,,25581,127564823,102051858,25449202,
2020-05-13,22322,33800,315,0,56122,79064,11201,,26990,127564327,102051462,25445542,
2020-05-14,23332,35802,323,0,59134,80169,11715,16699,28475,127563813,102051050,25441914,
2020-05-15,24430,38130,332,0,62560,81380,12275,,30451,127563253,102050602,25437816,
2020-05-16,25312,39357,340,0,64669,82161,12723,,31848,127562805,102050244,25435169,
2020-05-17,26160,40108,345,0,66268,82767,13164,,33329,127562364,102049891,25433041,
2020-05-18,27317,42909,356,0,70226,84044,13744,,35388,127561784,102049427,25428387,
2020-05-19,28312,45428,372,0,73740,85130,14229,21873,37325,127561299,102049039,25424291,
2020-05-20,29402,48178,380,0,77580,86350,14797,,38876,127560731,102048585,25419769,
2020-05-21,30484,51018,392,0,81502,87584,15344,,40657,127560184,102048147,25415191,
2020-05-22,31575,53852,407,0,85427,88792,15845,,42725,127559683,102047746,25410665,
2020-05-23,32449,55210,425,0,87659,89508,16296,,44919,127559232,102047386,25407891,
2020-05-24,33366,56135,430,0,89501,90133,16742,21873,47424,127558786,102047029,25405514,
2020-05-25,34616,59444,445,0,94060,91517,17357,,49890,127558171,102046537,25400217,
2020-05-26,35749,62572,456,0,98321,92855,17908,,52219,127557620,102046096,25395295,
2020-05-27,36979,65737,473,0,102716,94077,18455,,54383,127557073,102045658,25390244,
2020-05-28,38204,68672,481,0,106876,95206,19060,,56638,127556468,102045174,25385358,
2020-05-29,39347,71827,492,0,111174,96449,19622,27920,59610,127555906,102044725,25380385,
2020-05-30,40414,73432,498,0,113846,97196,20159,,61871,127555369,102044295,25377069,
2020-05-31,41460,74420,506,0,115880,97859,20671,,64326,127554857,102043886,25374420,
2020-06-01,42842,78243,534,0,121085,99243,21348,,67491,127554180,102043344,25368403,
2020-06-02,44118,81623,549,0,125741,100513,21974,,70308,127553554,102042843,25362996,
2020-06-03,45407,85234,567,0,130641,101835,22579,34663,73271,127552949,102042359,25357370,
2020-06-04,46773,88704,576,0,135477,103201,23250,,75448,127552278,102041822,25351729,
2020-06-05,48116,92325,587,0,140441,104449,23881,,78590,127551647,102041318,25346007,
2020-06-06,49268,94117,594,0,143385,105278,24437,,81544,127551091,102040873,25342396,
2020-06-07,50361,95319,598,0,145680,105893,24982,,84419,127550546,102040437,25339447,
2020-06-08,51843,99914,624,0,151757,107543,25704,41407,88217,127549824,102039859,25332504,
2020-06-09,53147,104285,669,0,157432,109066,26336,,91412,127549192,102039354,25326070,
2020-06-10,54525,108554,681,0,163079,110515,26997,,94733,127548531,102038825,25319630,
2020-06-11,55862,112547,703,0,168409,111914,27641,,98064,127547887,102038310,25313527,
2020-06-12,57185,116789,740,0,173974,113345,28305,,101767,127547223,102037778,25307166,
2020-06-13,58284,118739,750,0,177023,114149,28834,41407,104975,127546694,102037355,25303482,
2020-06-14,59522,120035,753,0,179557,114898,29467,,108110,127546061,102036849,25300188,
2020-06-15,61130,124922,773,0,186052,116632,30199,,113006,127545329,102036263,25292815,
2020-06-16,62580,129812,789,0,192392,118324,30888,,116178,127544640,102035712,25285648,
2020-06-17,63923,134513,804,0,198436,119869,31531,,119355,127543997,102035198,25278832,
2020-06-18,65312,139111,839,0,204423,121495,32190,48742,123095,127543338,102034670,25272055,
2020-06-19,66649,143805,851,0,210454,123020,32814,,127332,127542714,102034171,25265275,
2020-06-20,67874,146079,861,0,213953,124020,33395,,131686,127542133,102033706,25261079,
2020-06-21,68987,147378,870,0,216365,124675,33932,,135279,127541596,102033277,25258022,
2020-06-22,70598,152552,888,0,223150,126404,34649,,140118,127540879,102032703,25250377,
2020-06-23,72079,157616,914,0,229695,127960,35315,55545,144448,127540213,102032170,25243033,
2020-06-24,73550,162379,931,0,235929,129997,36001,,149318,127539527,102031622,25235975,
2020-06-25,74947,167162,947,0,242109,132563,36669,,116862,127538859,102031087,25228994,
2020-06-26,76418,172138,963,0,248556,134955,37349,,120562,127538179,102030543,25221731,
2020-06-27,77697,174452,974,0,252149,136496,37969,,123797,127537559,102030047,25217394,
2020-06-28,78963,176058,981,0,255021,137738,38589,55545,126843,127536939,102029551,25213778,
2020-06-29,80528,181885,1000,0,262413,140357,39303,,131264,127536225,102028980,25205529,
2020-06-30,82013,187486,1022,0,269499,142769,40006,,134957,127535522,102028418,25197599,
2020-07-01,83568,193402,1038,0,276970,144928,40721,,138319,127534807,102027846,25189270,
2020-07-02,84967,198901,1050,0,283868,147109,41347,,142593,127534181,102027345,25181621,
2020-07-03,86362,204418,1070,0,290780,149212,42001,63069,147205,127533527,102026822,25173924,
2020-07-04,87548,206784,1083,0,294332,150206,42585,,152309,127532943,102026354,25169672,
2020-07-05,88718,208504,1094,0,297222,151076,43175,,155604,127532353,102025882,25166074,
2020-07-06,90254,214612,1113,0,304866,153276,43925,,159657,127531603,102025282,25157530,
2020-07-07,91762,220772,1138,0,312534,155532,44676,,163646,127530852,102024682,25148960,
2020-07-08,93199,226600,1166,0,319799,157684,45385,70383,167795,127530143,102024114,25140845,
2020-07-09,94556,232185,1185,0,326741,159739,46061,,172230,127529467,102023574,25133091,
2020-07-10,96005,237734,1207,0,333739,161867,46731,,177097,127528797,102023038,25125289,
2020-07-11,97214,240247,1217,0,337461,162779,47321,,180852,127528207,102022566,25120859,
2020-07-12,98453,242065,1224,0,340518,163636,47909,,184764,127527619,102022095,25117097,
2020-07-13,100053,248743,1254,0,348796,165950,48657,77563,189063,127526871,102021497,25107921,
2020-07-14,101663,255082,1279,0,356745,168159,49369,,193976,127526159,102020927,25099118,
2020-07-15,103266,261814,1305,0,365080,170501,50147,,199129,127525381,102020305,25089849,
2020-07-16,104822,268079,1331,0,372901,172500,50859,,203464,127524669,102019735,25081174,
2020-07-17,106330,274081,1347,0,380411,174482,51545,,208436,127523983,102019186,25072841,
2020-07-18,107589,276965,1358,0,384554,175504,52179,77563,213006,127523349,102018679,25067937,
2020-07-19,108916,278795,1371,0,387711,176402,52826,,217423,127522702,102018162,25064003,
2020-07-20,110655,285716,1403,0,396371,178631,53640,,222068,127521888,102017510,25054367,
2020-07-21,112266,292400,1424,0,404666,180653,54384,,227165,127521144,102016915,25045179,
2020-07-22,113794,298799,1443,0,412593,182748,55122,,231403,127520406,102016325,25036366,
2020-07-23,115339,304983,1463,0,420322,184869,55846,83991,236209,127519682,102015746,25027768,
2020-07-24,116784,311141,1484,0,427925,187156,56559,,242692,127518969,102015175,25019310,
2020-07-25,118022,313745,1496,0,431767,188265,57156,,247178,127518372,102014698,25014751,
2020-07-26,119231,315353,1505,0,434584,189143,57729,,251505,127517799,102014239,25011247,
2020-07-27,120877,321682,1521,0,442559,191187,58493,,256777,127517035,102013628,25002355,
2020-07-28,122353,327840,1536,0,450193,193190,59206,89679,261457,127516322,102013058,24993865,
2020-07-29,123819,333606,1558,0,457425,195246,59893,,267147,127515635,102012508,24985809,
2020-07-30,125233,339301,1583,0,464534,197291,60577,,272187,127514951,102011961,24977879,
2020-07-31,126503,344340,1599,0,470843,199347,61191,,278618,127514337,102011470,24970833,
2020-08-01,127656,346762,1610,0,474418,200150,61752,,284847,127513776,102011021,24966585,
2020-08-02,128730,348058,1619,0,476788,200690,62261,89679,289394,127513267,102010614,24963604,
2020-08-03,130122,353773,1638,0,483895,202502,62887,,295677,127512641,102010113,24955746,
2020-08-04,131460,359422,1655,0,490882,204342,63538,,300254,127511990,102009592,24947978,
2020-08-05,132675,364915,1668,0,497590,206309,64124,,304708,127511404,102009123,24940567,
2020-08-06,133934,370002,1684,0,503936,208161,64701,,308848,127510827,102008662,24933528,
2020-08-07,135101,375033,1697,0,510134,210031,65231,94748,313386,127510297,102008238,24926694,
2020-08-08,136125,377395,1712,0,513520,210857,65729,,318638,127509799,102007839,24922711,
2020-08-09,137094,378660,1722,0,515754,211393,66175,,322465,127509353,102007482,24919942,
2020-08-10,138382,384225,1738,0,522607,213161,66781,,327993,127508747,102006998,24912361,
2020-08-11,139592,389622,1756,0,529214,214833,67319,,332800,127508209,102006567,24905109,
2020-08-12,140709,394665,1767,0,535374,216617,67806,99511,336635,127507722,102006178,24898364,
2020-08-13,141934,399611,1786,0,541545,218249,68356,,341507,127507172,102005738,24891533,
2020-08-14,143004,404385,1805,0,547389,219977,68839,,345653,127506689,102005351,24885110,
2020-08-15,143967,406484,1814,0,550451,220759,69261,,351372,127506267,102005014,24881541,
2020-08-16,144855,407805,1818,0,552660,221303,69678,,355101,127505850,102004680,24878832,
2020-08-17,146049,413222,1831,0,559271,222941,70197,104095,359347,127505331,102004265,24871598,
2020-08-18,147175,418483,1853,0,565658,224776,70700,,363307,127504828,102003862,24864608,
2020-08-19,148278,423408,1875,0,571686,226302,71200,,367537,127504328,102003462,24857980,
2020-08-20,149400,427983,1897,0,577383,227886,71669,,371638,127503859,102003087,24851720,
2020-08-21,150405,433011,1920,0,583416,229447,72146,,376409,127503382,102002706,24845114,
2020-08-22,151274,435057,1929,0,586331,230156,72532,104095,380492,127502996,102002397,24841736,
2020-08-23,152206,436355,1936,0,588561,230677,72924,,383872,127502604,102002083,24839036,
2020-08-24,153358,441956,1965,0,595314,232157,73428,,389124,127502100,102001680,24831678,
2020-08-25,154433,447276,1991,0,601709,233902,73926,,393101,127501602,102001282,24824685,
2020-08-26,155462,452939,2009,0,608401,235800,74364,,396758,127501164,102000931,24817468,
2020-08-27,156432,458192,2028,0,614624,237441,74790,108457,400479,127500738,102000590,24810734,
2020-08-28,157440,463255,2042,0,620695,239089,75243,,404667,127500285,102000228,24804119,
2020-08-29,158307,465361,2050,0,623668,239974,75597,,409127,127499931,101999945,24800721,
2020-08-30,159111,466650,2059,0,625761,240460,75963,,412580,127499565,101999652,24798189,
2020-08-31,160203,472268,2078,0,632471,242162,76443,,416738,127499085,101999268,24790903,
2020-09-01,161187,478093,2103,0,639280,243977,76848,112776,421373,127498680,101998944,24783608,
2020-09-02,162183,483857,2117,0,646040,245440,77289,,424990,127498239,101998591,24776319,
2020-09-03,163124,488996,2138,0,652120,246880,77727,,430287,127497801,101998241,24769713,
2020-09-04,163982,493991,2153,0,657973,248344,78116,,434667,127497412,101997930,24763393,
2020-09-05,164723,495953,2162,0,660676,249059,78456,,438754,127497072,101997658,24760282,
2020-09-06,165532,497109,2170,0,662641,249489,78812,112776,442268,127496716,101997373,24757890,
2020-09-07,166502,502293,2183,0,668795,251015,79221,,446715,127496307,101997046,24751245,
2020-09-08,167421,507765,2198,0,675186,252389,79596,,451159,127495932,101996746,24744404,
2020-09-09,168327,512728,2211,0,681055,253810,80002,,454982,127495526,101996421,24738048,
2020-09-10,169164,517394,2237,0,686558,255223,80351,,458850,127495177,101996142,24732126,
2020-09-11,170005,521876,2260,0,691881,256552,80716,116542,463764,127494812,101995850,24726365,
2020-09-12,170695,523830,2271,0,694525,257113,81026,,467525,127494502,101995602,24723349,
2020-09-13,171431,524872,2275,0,696303,257535,81324,,471623,127494204,101995363,24721214,
2020-09-14,172320,530007,2295,0,702327,258810,81720,,475795,127493808,101995046,24714715,
2020-09-15,173072,533376,2307,0,706448,259726,82043,,481068,127493485,101994788,24710206,
2020-09-16,173752,534788,2318,0,708540,260145,82335,120299,485024,127493193,101994554,24707764,
2020-09-17,174662,540021,2335,0,714683,261619,82741,,488416,127492787,101994230,24701133,
2020-09-18,175503,544688,2354,0,720191,263061,83085,,492192,127492443,101993954,24695213,
2020-09-19,176240,546623,2357,0,722863,263623,83402,,496224,127492126,101993701,24692160,
2020-09-20,176889,547667,2365,0,724556,264012,83672,,499302,127491856,101993485,24690143,
2020-09-21,177782,552873,2393,0,730655,265416,84046,123981,502982,127491482,101993186,24683595,
2020-09-22,178597,558020,2404,0,736617,266748,84395,,506732,127491133,101992906,24677215,
2020-09-23,179405,562843,2419,0,742248,268061,84714,,510237,127490814,101992651,24671201,
2020-09-24,180148,567287,2440,0,747435,269441,85015,,514760,127490513,101992410,24665653,
2020-09-25,180890,571623,2469,0,752513,270649,85334,,518204,127490194,101992155,24660192,
2020-09-26,181467,573562,2480,0,755029,271237,85572,123981,521241,127489956,101991965,24657390,
2020-09-27,182096,574624,2487,0,756720,271625,85840,,523831,127489688,101991750,24655378,
2020-09-28,182941,579784,2508,0,762725,273051,86201,,527278,127489327,101991462,24648939,
2020-09-29,183711,584808,2536,0,768519,274477,86538,,530945,127488990,101991192,24642741,
2020-09-30,184454,589385,2557,0,773839,275787,86874,,533886,127488654,101990923,24637018,
2020-10-01,185221,593713,2576,0,778934,276949,87218,127516,537475,127488310,101990648,24631510,
2020-10-02,185974,597792,2594,0,783766,278049,87518,,541518,127488010,101990408,24626318,
2020-10-03,186586,599495,2603,0,786081,278694,87803,,545530,127487725,101990180,24623661,
2020-10-04,187193,600508,2606,0,787701,279127,88071,,550053,127487457,101989966,24621719,
2020-10-05,188068,605209,2626,0,793277,280482,88435,,553937,127487093,101989674,24615707,
2020-10-06,188944,610111,2644,0,799055,281933,88828,131731,557478,127486700,101989360,24609457,
2020-10-07,189787,614810,2671,0,804597,283205,89193,,560895,127486335,101989068,24603477,
2020-10-08,190570,619380,2693,0,809950,284515,89531,,583603,127485997,101988798,24597718,
2020-10-09,191327,624192,2712,0,815519,285757,89857,,588085,127485671,101988537,24591758,
2020-10-10,192075,626340,2728,0,818415,286378,90200,,591150,127485328,101988262,24588451,
2020-10-11,192868,627638,2737,0,820506,286706,90557,131731,594180,127484971,101987977,24585931,
2020-10-12,193827,633262,2763,0,827089,288141,90965,,597991,127484563,101987650,24578859,
2020-10-13,194718,639270,2791,0,833988,289547,91346,,601571,127484182,101987346,24571502,
2020-10-14,195562,644730,2817,0,840292,290962,91749,,603827,127483779,101987023,24564715,
2020-10-15,196423,650148,2850,0,846571,292162,92153,,608188,127483375,101986700,24557951,
2020-10-16,197306,655722,2884,0,853028,293415,92572,136090,612216,127482956,101986365,24550991,
2020-10-17,198071,658152,2903,0,856223,294049,92909,,615680,127482619,101986095,24547392,
2020-10-18,198913,659505,2908,0,858418,294500,93297,,619036,127482231,101985785,24544731,
2020-10-19,200006,666347,2937,0,866353,295884,93795,,623494,127481733,101985386,24536199,
2020-10-20,201011,673581,2978,0,874592,297352,94262,,627584,127481266,101985013,24527399,
2020-10-21,201933,679858,3011,0,881791,298860,94663,140757,632037,127480865,101984692,24519719,
2020-10-22,202857,686019,3037,0,888876,300292,95078,,636391,127480450,101984360,24512136,
2020-10-23,203784,692175,3064,0,895959,301671,95484,,641075,127480044,101984035,24504566,
2020-10-24,204612,694685,3077,0,899297,302443,95898,,646739,127479630,101983704,24500731,
2020-10-25,205415,696191,3082,0,901606,302963,96284,,650355,127479244,101983395,24497959,
2020-10-26,206437,703249,3104,0,909686,304653,96768,145078,655118,127478760,101983008,24489298,
2020-10-27,207363,710097,3132,0,917460,306286,97180,,659473,127478348,101982678,24481030,
2020-10-28,208291,716177,3159,0,924468,308029,97617,,663639,127477911,101982329,24473497,
2020-10-29,209160,721971,3183,0,931131,309609,98008,,668667,127477520,101982016,24466365,
2020-10-30,209966,727260,3207,0,937226,311153,98394,,673457,127477134,101981707,24459807,
2020-10-31,210684,729399,3231,0,940083,311831,98739,145078,677659,127476789,101981431,24456536,
2020-11-01,211438,730648,3240,0,942086,312278,99093,,682044,127476435,101981148,24454108,
2020-11-02,212360,734700,3256,0,947060,313439,99551,,687420,127475977,101980782,24448584,
2020-11-03,213320,741624,3299,0,954944,315076,100008,,693227,127475520,101980416,24440152,
2020-11-04,214333,747909,3322,0,962242,316871,100495,,697402,127475033,101980026,24432270,
2020-11-05,215236,754274,3358,0,969510,318575,100951,149886,701837,127474577,101979662,24424454,
2020-11-06,216240,760121,3385,0,976361,320169,101407,,706267,127474121,101979297,24417056,
2020-11-07,217017,762682,3393,0,979699,320943,101792,,710940,127473736,101978989,24413256,
2020-11-08,217925,764230,3399,0,982155,321440,102218,,715977,127473310,101978648,24410289,
2020-11-09,219062,771459,3419,0,990521,323543,102748,,721076,127472780,101978224,24401287,
2020-11-10,220118,778822,3454,0,998940,325867,103230,154482,725846,127472298,101977838,24392290,
2020-11-11,221217,785837,3489,0,1007054,327482,103727,,731468,127471801,101977441,24383579,
2020-11-12,222261,792748,3516,0,1015009,329416,104212,,736197,127471316,101977053,24375042,
2020-11-13,223247,799122,3544,0,1022369,330873,104677,,741340,127470851,101976681,24367124,
2020-11-14,224118,802000,3558,0,1026118,331692,105086,,745361,127470442,101976354,24362884,
2020-11-15,224970,803676,3570,0,1028646,332194,105499,154482,750190,127470029,101976023,24359861,
2020-11-16,225932,805775,3586,0,1031707,332740,105988,,754200,127469540,101975632,24356213,
2020-11-17,227116,813959,3620,0,1041075,334863,106598,,757951,127468930,101975144,24346113,
2020-11-18,228279,821390,3650,0,1049669,336702,107146,,762025,127468382,101974706,24336861,
2020-11-19,229401,828423,3688,0,1057824,338240,107657,,766361,127467871,101974297,24328093,
2020-11-20,230490,835367,3727,0,1065857,340034,108186,159691,770728,127467342,101973874,24319425,
2020-11-21,231429,838330,3752,0,1069759,341111,108660,,774930,127466868,101973494,24314955,
2020-11-22,232476,839915,3762,0,1072391,341638,109185,,779104,127466343,101973074,24311693,
2020-11-23,233782,848382,3805,0,1082164,343520,109811,,784693,127465717,101972574,24301168,
2020-11-24,234964,857039,3838,0,1092003,345518,110379,,791516,127465149,101972119,24290648,
2020-11-25,236165,864862,3867,0,1101027,347536,110933,164971,798037,127464595,101971676,24280959,
2020-11-26,237328,872845,3908,0,1110173,349304,111513,,803581,127464015,101971212,24271117,
2020-11-27,238439,880630,3937,0,1119069,351284,112093,,803581,127463435,101970748,24261525,
2020-11-28,239400,884043,3952,0,1123443,352523,112583,,813254,127462945,101970356,24256563,
2020-11-29,240371,885852,3956,0,1126223,353119,113074,,818397,127462454,101969963,24253194,
2020-11-30,241670,894656,3990,0,1136326,355277,113664,170957,823586,127461864,101969491,24242383,
2020-12-01,243006,903979,4039,0,1146985,357534,114342,,829817,127461186,101968949,24230910,
2020-12-02,244283,913092,4084,0,1157375,360015,115000,,836567,127460528,101968422,24219731,
2020-12-03,245419,922035,4127,0,1167454,362558,115599,,843231,127459929,101967943,24208933,
2020-12-04,246555,930739,4162,0,1177294,365000,116133,,852719,127459395,101967516,24198452,
2020-12-05,247600,934823,4185,0,1182423,366454,116671,170957,859463,127458857,101967086,24192677,
2020-12-06,248729,936571,4192,0,1185300,367122,117239,,866186,127458289,101966631,24189119,
2020-12-07,250115,946977,4224,0,1197092,369729,117941,,873555,127457587,101966070,24176484,
2020-12-08,251575,957390,4251,0,1208965,372342,118671,,881050,127456857,101965486,24163735,
2020-12-09,252905,967320,4284,0,1220225,375057,119342,,889168,127456186,101964949,24151670,
2020-12-10,254283,977246,4326,0,1231529,377836,120028,177413,896130,127455500,101964400,24139543,
2020-12-11,255610,987101,4355,0,1242711,380619,120688,,904042,127454840,101963872,24127569,
2020-12-12,256851,991971,4376,0,1248822,381934,121315,,911965,127454213,101963370,24120706,
2020-12-13,258012,993961,4386,0,1251973,382558,121905,,918681,127453623,101962898,24116847,
2020-12-14,259480,1005550,4436,0,1265030,385467,122642,,927754,127452886,101962309,24102905,
2020-12-15,261030,1016922,4486,0,1277952,388252,123416,183855,938089,127452112,101961690,24089054,
2020-12-16,262573,1027557,4519,0,1290130,391020,124216,,945673,127451312,101961050,24075916,
2020-12-17,264024,1037762,4548,0,1301786,393868,125003,,953762,127450525,101960420,24063316,
2020-12-18,265474,1047519,4579,0,1312993,397002,125719,,962397,127449809,101959847,24051250,
2020-12-19,266671,1052167,4597,0,1318838,398500,126344,,971115,127449184,101959347,24044655,
2020-12-20,268006,1054287,4610,0,1322293,399290,127106,183855,978002,127448422,101958738,24040285,
2020-12-21,269643,1065862,4663,0,1335505,402011,127985,,987328,127447543,101958034,24026019,
2020-12-22,271250,1077006,4700,0,1348256,404868,128815,,996302,127446713,101957370,24012272,
2020-12-23,272728,1087054,4733,0,1359782,407622,129610,,1005248,127445918,101956734,23999792,
2020-12-24,274085,1095036,4761,0,1369121,409707,130316,,1015256,127445212,101956170,23989605,
2020-12-25,275415,1096121,4768,0,1371536,410175,131046,189874,1023916,127444482,101955586,23986314,
2020-12-26,276837,1099955,4785,0,1376792,411386,131841,,1031864,127443687,101954950,23980104,
2020-12-27,278450,1102283,4797,0,1380733,412197,132681,,1038766,127442847,101954278,23975155,
2020-12-28,280323,1114771,4850,0,1395094,414881,133639,,1048539,127441889,101953511,23959645,
2020-12-29,282091,1127237,4902,0,1409328,418119,134616,,1058429,127440912,101952730,23944238,
2020-12-30,283792,1138592,4948,0,1422384,421163,135526,197106,1066771,127440002,101952002,23930090,
2020-12-31,285303,1147913,4978,0,1433216,423506,136356,,1074795,127439172,101951338,23918262,
2021-01-01,286796,1149489,4986,0,1436285,424122,137195,,1083768,127438333,101950666,23914187,
2021-01-02,288410,1154216,4997,0,1442626,425235,138115,,1090905,127437413,101949930,23906742,
2021-01-03,290075,1157263,5012,0,1447338,426016,139015,,1098431,127436513,101949210,23900950,
2021-01-04,292264,1171491,5075,0,1463755,428920,140199,205812,1105834,127435329,101948263,23883112,
2021-01-05,294427,1186755,5125,0,1481182,431754,141334,,1113137,127434194,101947355,23864323,
2021-01-06,296642,1201637,5184,0,1498279,434441,142529,,1119968,127432999,101946399,23845792,
2021-01-07,298894,1216692,5242,0,1515586,438162,143776,,1127471,127431752,101945402,23826988,
2021-01-08,300970,1231522,5279,0,1532492,441484,144907,,1134877,127430621,101944497,23808725,
2021-01-09,302722,1238382,5309,0,1541104,443468,145858,205812,1143254,127429670,101943736,23798972,
2021-01-10,304647,1241480,5330,0,1546127,444409,146950,,1150422,127428578,101942862,23792639,
2021-01-11,307025,1258024,5377,0,1565049,447692,148270,,1160373,127427258,101941806,23772133,
2021-01-12,309266,1273549,5444,0,1582815,451396,149541,,1168354,127425987,101940790,23752841,
2021-01-13,311533,1287934,5497,0,1599467,454636,150799,,1176658,127424729,101939783,23734680,
2021-01-14,313939,1302112,5541,0,1616051,458032,152048,213349,1185621,127423480,101938784,23716597,
2021-01-15,316219,1315530,5584,0,1631749,461230,153272,,1199810,127422256,101937805,23699430,
2021-01-16,318216,1321755,5607,0,1639971,463135,154353,,1212403,127421175,101936940,23689911,
2021-01-17,320198,1324596,5617,0,1644794,464109,155462,,1223108,127420066,101936053,23683757,
2021-01-18,322645,1339556,5656,0,1662201,467746,156704,,1237321,127418824,101935059,23664860,
2021-01-19,325097,1354387,5692,0,1679484,471058,157986,219364,1251782,127417542,101934034,23646038,
2021-01-20,327354,1368167,5739,0,1695521,474073,159185,,1264780,127416343,101933074,23628563,
2021-01-21,329619,1381310,5768,0,1710929,477186,160345,,1277978,127415183,101932146,23611763,
2021-01-22,331736,1394050,5807,0,1725786,480360,161496,,1291940,127414032,101931226,23595524,
2021-01-23,333621,1399801,5821,0,1733422,482414,162465,,1306138,127413063,101930450,23586726,
2021-01-24,335399,1402375,5831,0,1737774,483203,163421,219364,1320448,127412107,101929686,23581226,
2021-01-25,337676,1416377,5863,0,1754053,486447,164552,,1335876,127410976,101928781,23563590,
2021-01-26,339762,1429732,5914,0,1769494,489995,165616,,1348660,127409912,101927930,23546872,
2021-01-27,341710,1441368,5941,0,1783078,493052,166553,,1362535,127408975,101927180,23532164,
2021-01-28,343524,1452265,5975,0,1795789,495903,167492,,1376073,127408036,101926429,23518326,
2021-01-29,345238,1461530,6009,0,1806768,498765,168330,222733,1390906,127407198,101925758,23506342,
2021-01-30,346688,1465842,6039,0,1812530,500303,169068,,1403064,127406460,101925168,23499694,
2021-01-31,348175,1467770,6050,0,1815945,500984,169826,,1412393,127405702,101924562,23495369,
2021-02-01,349598,1470528,6061,0,1820126,501877,170549,,1452748,127404979,101923983,23490321,
2021-02-02,351341,1481005,6085,0,1832346,504689,171447,,1436482,127404081,101923265,23477023,
2021-02-03,352975,1490056,6116,0,1843031,507394,172270,225042,1450237,127403258,101922606,23465351,
2021-02-04,354430,1498412,6142,0,1852842,509575,173010,,1461011,127402518,101922014,23454652,
2021-02-05,355823,1506217,6170,0,1862040,511782,173671,,1472151,127401857,101921486,23444660,
2021-02-06,357013,1509518,6181,0,1866531,513220,174291,,1482138,127401237,101920990,23439425,
2021-02-07,358066,1510985,6187,0,1869051,513781,174824,,1490077,127400704,101920563,23436266,
2021-02-08,359486,1519967,6212,0,1879453,516220,175457,226669,1501580,127400071,101920057,23425104,
2021-02-09,360764,1527071,6229,0,1887835,518205,176059,,1511199,127399469,101919575,23416000,
2021-02-10,362002,1533573,6251,0,1895575,519972,176620,,1519572,127398908,101919126,23407587,
2021-02-11,363117,1539520,6261,0,1902637,521717,177157,,1528304,127398371,101918697,23399880,
2021-02-12,364169,1545267,6277,0,1909436,523491,177634,,1535786,127397894,101918315,23392509,
2021-02-13,365051,1547571,6290,0,1912622,524591,178035,226669,1542991,127397493,101917994,23388842,
2021-02-14,365986,1548566,6295,0,1914552,525054,178491,,1548174,127397037,101917630,23386364,
2021-02-15,367103,1554780,6318,0,1921883,526789,179034,,1555923,127396494,101917195,23378382,
2021-02-16,368157,1560664,6330,0,1928821,528459,179527,,1563992,127396001,101916801,23370852,
2021-02-17,369161,1565980,6344,0,1935141,529912,179982,,1571071,127395546,101916437,23363986,
2021-02-18,370070,1571266,6360,0,1941336,531515,180421,228124,1577838,127395107,101916086,23357264,
2021-02-19,370990,1576313,6378,0,1947303,532891,180824,,1584704,127394704,101915763,23350814,
2021-02-20,371797,1578488,6386,0,1950285,533641,181212,,1590696,127394316,101915453,23347366,
2021-02-21,372580,1579590,6389,0,1952170,534038,181571,,1595320,127393957,101915166,23345050,
2021-02-22,373544,1586276,6404,0,1959820,535680,181976,,1602024,127393552,101914842,23336914,
2021-02-23,374441,1591966,6419,0,1966407,537065,182368,229422,1607869,127393160,101914528,23329857,
2021-02-24,375310,1597156,6426,0,1972466,538322,182731,,1614614,127392797,101914238,23323362,
2021-02-25,376193,1602323,6455,0,1978516,539449,183074,,1620008,127392454,101913963,23316901,
2021-02-26,377051,1607257,6469,0,1984308,540936,183428,,1625328,127392100,101913680,23310684,
2021-02-27,377779,1609456,6483,0,1987235,541697,183730,,1630002,127391798,101913438,23307395,
2021-02-28,378529,1610611,6491,0,1989140,542046,184045,229422,1633900,127391483,101913186,23305112,
2021-03-01,379470,1617217,6507,0,1996687,543537,184382,,1639943,127391146,101912917,23297160,
2021-03-02,380338,1622259,6524,0,2002597,544982,184681,,1645312,127390847,101912678,23290891,
2021-03-03,381277,1626889,6542,0,2008166,546339,185036,,1650230,127390492,101912394,23284896,
2021-03-04,382078,1631421,6558,0,2013499,547673,185328,,1655549,127390200,101912160,23279213,
2021-03-05,382858,1635846,6569,0,2018704,548798,185560,230533,1660786,127389968,101911974,23273730,
2021-03-06,383485,1637752,6581,0,2021237,549456,185771,,1666658,127389757,101911806,23270943,
2021-03-07,384208,1638753,6591,0,2022961,549777,185981,,1670431,127389547,101911638,23268967,
2021-03-08,385052,1643826,6609,0,2028878,551087,186234,,1675996,127389294,101911435,23262747,
2021-03-09,385798,1648105,6617,0,2033903,552290,186432,,1681336,127389096,101911277,23257484,
2021-03-10,386460,1651953,6639,0,2038413,553349,186586,231341,1685996,127388942,101911154,23252789,
2021-03-11,387117,1655689,6648,0,2042806,554540,186734,,1691093,127388794,101911035,23248219,
2021-03-12,387730,1659161,6658,0,2046891,555776,186862,,1696739,127388666,101910933,23243980,
2021-03-13,388249,1660702,6665,0,2048951,556461,186949,,1701216,127388579,101910863,23241816,
2021-03-14,388753,1661486,6672,0,2050239,556817,187019,,1705743,127388509,101910807,23240444,
2021-03-15,389340,1662584,6678,0,2051924,557400,187082,232066,1711931,127388446,101910757,23238683,
2021-03-16,389966,1667309,6691,0,2057275,558796,187129,,1716135,127388399,101910719,23233276,
2021-03-17,390528,1670763,6705,0,2061291,560443,187159,,1720430,127388369,101910695,23229224,
2021-03-18,390945,1673731,6717,0,2064676,562690,187177,,1724794,127388351,101910681,23225817,
2021-03-19,391242,1675844,6730,0,2067086,565699,187186,,1729269,127388342,101910674,23223396,
2021-03-20,391345,1676394,6733,0,2067739,567218,187190,232066,1733089,127388338,101910670,23222739,
2021-03-21,391354,1676395,6733,0,2067749,567250,187190,,1736159,127388338,101910670,23222729,
